[
  {
    "state": "Andaman and Nicobar Island",
    "count": 3,
    "districts": [
      "Nicobar",
      "North and Middle Andaman",
      "South Andaman"
    ]
  },
  {
    "state": "Andhra Pradesh",
    "count": 26,
    "districts": [
      "Alluri Sitarama Raju",
      "Anakapalle",
      "Ananthapuramu",
      "Annamayya",
      "Bapatla",
      "Chittoor",
      "East Godavari",
      "Eluru",
      "Guntur",
      "YSR Kadapa (Cuddapah)",
      "Kakinada",
      "Krishna",
      "Konaseema",
      "Kurnool",
      "Parvathipuram Manyam",
      "Nandyal",
      "NTR",
      "Palnadu",
      "Prakasam",
      "Nellore",
      "Tirupati",
      "Sri Sathya Sai",
      "Srikakulam",
      "Visakhapatnam",
      "Vizianagaram",
      "West Godavari"
    ]
  },
  {
    "state": "Arunachal Pradesh",
    "count": 26,
    "districts": [
      "Anjaw",
      "Changlang",
      "Dibang Valley",
      "East Kameng",
      "East Siangl",
      "Kamle",
      "Kra Daadi",
      "Kurung Kumey",
      "Lepa Rada",
      "Lohit",
      "Longdling",
      "Lower Dibang Valley",
      "Lower Siang",
      "Lower Subansiri",
      "Namsai",
      "Pakke Kessang",
      "Papum Pare",
      "Shi Yomi",
      "Siang",
      "Tawang",
      "Tirap",
      "Upper Siang",
      "Upper Subansiri",
      "West Kameng",
      "West Siang",
      "Capital Complex Itanagar"
    ]
  },
  {
    "state": "Assam",
    "count": 35,
    "districts": [
      "Baksa",
      "Barpeta",
      "Biswanath",
      "Bongaigaon",
      "Cachar",
      "Charaideo",
      "Chirang",
      "Darrang",
      "Dhemaji",
      "Dhubri",
      "Dibrugarh",
      "Dima Hasao (North Cachar Hills)",
      "Goalpara",
      "Golaghat",
      "Hailakandi",
      "Hojai",
      "Jorhat",
      "Kamrup",
      "Kamrup Metropolitan",
      "Karbi Anglong",
      "Karimaganj",
      "Kokrajhar",
      "Lakhimpur",
      "Majuli",
      "Morigaon",
      "Nagaon",
      "Nalbari",
      "Sivasagar",
      "Sonitpur",
      "South Salamara Mankachar",
      "Tinsukia",
      "Udakguri",
      "West Karbi Anglong",
      "Bajali",
      "Tamulpur"
    ]
  },
  {
    "state": "Bihar",
    "count": 38,
    "districts": [
      "Araria",
      "Arwal",
      "Aurangabad",
      "Banka",
      "Begusarai",
      "Bhagalpur",
      "Bhojpur",
      "Buxar",
      "Darbhanga",
      "East Champaran (Motihari",
      "Gaya",
      "Gopalganj",
      "Jamui",
      "Jehanabad",
      "Kaimur (Bhabua)",
      "Katihar",
      "Khagaria",
      "Kishanganj",
      "Lakhisarai",
      "Madhepura",
      "Madhubani",
      "Munger (Monghyr)",
      "Muzaffarpur",
      "Nalanda",
      "Nawada",
      "Patna",
      "Purnia (Purnea)",
      "Rohtas",
      "Saharasa",
      "Samastipur",
      "Saran",
      "Sheikhpura",
      "Sheohar",
      "Sitamarhi",
      "Siwan",
      "Supaul",
      "Vaishali",
      "West Champaran"
    ]
  },
  {
    "state": "Chandigarh",
    "count": 1,
    "districts": [
      "Chandigarh"
    ]
  },
  {
    "state": "Chhattisgarh",
    "count": 33,
    "districts": [
      "Balod",
      "Baloda Bazar",
      "Balrampur",
      "Bastar",
      "Bemetara",
      "Bijapur",
      "Bilaspur",
      "Dantewada (South Bastar)",
      "Dhamtari",
      "Durg",
      "Gariyaband",
      "Janjigir-Champa",
      "Jashpur",
      "Kabirdham (Kawardha)",
      "Kanker (North Bastar)",
      "Kondagaon",
      "Korba",
      "Korea (Koriya)",
      "Mahasamund",
      "Mungeli",
      "Narayanpur",
      "Raigarh",
      "Raipur",
      "Rajnandgaon",
      "Sukma",
      "Surajpur",
      "Surguja",
      "Gaurela-Pendra-Marwahi",
      "Khairagarh-Chhuikhadan-Gandai",
      "Manendragarh-Chirmiri-Bharatpur",
      "Mohla-Manpur-Chowki",
      "Sarangarh-Bilaigarh",
      "Shakti"
    ]
  },
  {
    "state": "Dadra and Nagar Haveli  and Daman And Diu",
    "count": 3,
    "districts": [
      "Dadra And Nagar Haveli",
      "Daman",
      "Diu"
    ]
  },
  {
    "state": "Delhi",
    "count": 11,
    "districts": [
      "Central Delhi",
      "East Delhi",
      "New Delhi",
      "North Delhi",
      "North East Delhi",
      "North West Delhi",
      "Shahdara",
      "South Delhi",
      "South East Delhi",
      "South West Delhi",
      "West Delhi"
    ]
  },
  {
    "state": "Goa",
    "count": 2,
    "districts": [
      "North Goa",
      "South Goa"
    ]
  },
  {
    "state": "Gujarat",
    "count": 33,
    "districts": [
      "Ahmedabad",
      "Amreli",
      "Anand",
      "Arvalli",
      "Banaskantha (Palanpur)",
      "Bharuch",
      "Bhavnagar",
      "Botad",
      "Chhota Udepur",
      "Dahod",
      "Dangs (Ahwa)",
      "Devbhoomi Dwarka",
      "Gandhinagar",
      "Gir Somnath",
      "Jamnagar",
      "Junagadh",
      "Kachchh",
      "Kheda (Nadiad)",
      "Mahisagar",
      "Mehsana",
      "Morbi",
      "Narmada (Rajpipla)",
      "Navsari",
      "Panchmahal (Godhra)",
      "Patan",
      "Porbandar",
      "Rajkot",
      "Sabarkantha (Himmatnagar)",
      "Surat",
      "Surendranagar",
      "Tapi (Vyara)",
      "Vadodara",
      "Valsad"
    ]
  },
  {
    "state": "Haryana",
    "count": 22,
    "districts": [
      "Ambala",
      "Bhiwani",
      "Charkhi Dadri",
      "Faridabad",
      "Gurgaon",
      "Hisar",
      "Jhajjar",
      "Jind",
      "Kaithal",
      "Karnal",
      "Kurukshetra",
      "Mahendragarh",
      "Nuh",
      "Palwal",
      "Panchkula",
      "Panjpat",
      "Rohtak",
      "Sirsa",
      "Sonipat",
      "Yamunanagar",
      "Fatehabad",
      "Rewari"
    ]
  },
  {
    "state": "Himachal Pradesh",
    "count": 12,
    "districts": [
      "Bilaspur",
      "Chamba",
      "Hamirpur",
      "Kangra",
      "Kinnaur",
      "Kullu",
      "Lahaul & Spiti",
      "Mandi",
      "Shimla",
      "Sirmaur",
      "Solan",
      "Una"
    ]
  },
  {
    "state": "Jammu and Kashmir",
    "count": 20,
    "districts": [
      "Anantnag",
      "Bandipore",
      "Baramulla",
      "Budgam",
      "Doda",
      "Ganderbal",
      "Jammu",
      "Kathua",
      "Kishtwar",
      "Kulgam",
      "Kupwara",
      "Poonch",
      "Pulwama",
      "Rajouri",
      "Ramban",
      "Reasi",
      "Samba",
      "Shopian",
      "Srinagar",
      "Udhampur"
    ]
  },
  {
    "state": "Jharkhand",
    "count": 24,
    "districts": [
      "Bokaro",
      "Chatra",
      "Deoghar",
      "Dhanbad",
      "Dumka",
      "East Singhbhum",
      "Garhwa",
      "Giridih",
      "Godda",
      "Gumla",
      "Hazaribag",
      "Jamtara",
      "Khunti",
      "Koderma",
      "Latehar",
      "Lohardaga",
      "Pakur",
      "Palamu",
      "Ramgarh",
      "Ranchi",
      "Sahibganj",
      "Seraikela-Kharsawan",
      "Simdega",
      "West Singhbhum"
    ]
  },
  {
    "state": "Karanataka",
    "count": 31,
    "districts": [
      "Bagalkot",
      "Bellari (Bellary)",
      "Belagavi (Begaum)",
      "Bengaluru (Bangalore) Rural",
      "Bengaluru (Bangalore) Urban",
      "Bidar",
      "Chamarajanagar",
      "Chikballapur",
      "Chikkamagaluru (Chikmagalur)",
      "Dakshina Kannada",
      "Davangere",
      "Dharwad",
      "Gadag",
      "Hassan",
      "Haveri",
      "Kalaburagi (Gulbaraga)",
      "Kodagu",
      "Kolar",
      "Koppal",
      "Mandya",
      "Mysuru (Mysore)",
      "Raichur",
      "Ramanagara",
      "Shivamogga (Shimoga)",
      "Tumakuru (Tumkur)",
      "Udupi",
      "Uttara Kannada (Karwar)",
      "Vijayapura (Bijapur)",
      "Yadgir",
      "Chitradurga",
      "Vijayanagara"
    ]
  },
  {
    "state": "Kerala",
    "count": 14,
    "districts": [
      "Alappuzha",
      "Ernakulam",
      "Idukki",
      "Kannur",
      "Kasaragod",
      "Kollam",
      "Kottayam",
      "Kozhikode",
      "Malappuram",
      "Palakkad",
      "Pathanamthitta",
      "Thiruvananthapuram",
      "Thrissur",
      "Wayanad"
    ]
  },
  {
    "state": "Ladakh",
    "count": 7,
    "districts": [
      "Kargil",
      "Leh",
      "Zanskar",
      "Drass",
      "Sham",
      "Nubra",
      "Changthang"
    ]
  },
  {
    "state": "Lakshadweep",
    "count": 1,
    "districts": [
      "Lakshadweep"
    ]
  },
  {
    "state": "Madhya Pradesh",
    "count": 52,
    "districts": [
      "Agar Malwa",
      "Alirajpur",
      "Anuppur",
      "Ashoknagar",
      "Balaghat",
      "Barwani",
      "Betul",
      "Bhind",
      "Bhopal",
      "Burhanpur",
      "Chhatarpur",
      "Chhindwara",
      "Damoh",
      "Datia",
      "Dewas",
      "Dhar",
      "Dindori",
      "Guna",
      "Gwalior",
      "Harda",
      "Hoshangabad",
      "Indore",
      "Jabalpur",
      "Jhabua",
      "Katni",
      "Khandwa",
      "Khargone",
      "Mandla",
      "Mandsaur",
      "Morena",
      "Narsinghpur",
      "Neemuch",
      "Panna",
      "Raisen",
      "Rajgarh",
      "Ratlam",
      "Rewa",
      "Sagar",
      "Satna",
      "Sehore",
      "Seoni",
      "Shahdol",
      "Shajapur",
      "Sheopur",
      "Shivpuri",
      "Sidhi",
      "Singrauli",
      "Tikamgarh",
      "Ujjain",
      "Umaria",
      "Vidisha",
      "Niwari"
    ]
  },
  {
    "state": "Maharashtra",
    "count": 36,
    "districts": [
      "Ahmednagar",
      "Akola",
      "Amravati",
      "Beed",
      "Bhandara",
      "Buldhana",
      "Chandrapur",
      "Dhule",
      "Gadchiroli",
      "Gondia",
      "Hingoli",
      "Jalgaon",
      "Jalna",
      "Kolhapur",
      "Latur",
      "Mumbai City",
      "Mumbai Suburban",
      "Nagpur",
      "Nanded",
      "Nandurbar",
      "Nashik",
      "Osmanabad",
      "Palghar",
      "Parbhani",
      "Pune",
      "Raigad",
      "Ratnagiri",
      "Sangli",
      "Satara",
      "Sindhudurg",
      "Solapur",
      "Thane",
      "Wardha",
      "Washim",
      "Yavatmal",
      "Aurangabad"
    ]
  },
  {
    "state": "Manipur",
    "count": 16,
    "districts": [
      "Bishnupur",
      "Chandel",
      "Churachandpur",
      "Imphal East",
      "Imphal West",
      "Jiribam",
      "Kakching",
      "Kamjong",
      "Kangpokpi",
      "Noney",
      "Pherzawl",
      "Senapati",
      "Tamenglong",
      "Tengnoupal",
      "Thoubal",
      "Ukhrul"
    ]
  },
  {
    "state": "Meghalaya",
    "count": 12,
    "districts": [
      "East Garo Hills",
      "East Jaintia Hills",
      "East Khasi Hills",
      "North Garo Hills",
      "Ri Bhoi",
      "South Garo Hills",
      "South West Garo Hills",
      "South West Khasi Hills",
      "West Garo Hills",
      "West Jaintia Hills",
      "West Khasi Hills",
      "Eastern West Khasi Hills"
    ]
  },
  {
    "state": "Mizoram",
    "count": 11,
    "districts": [
      "Aizawl",
      "Champhai",
      "Kolasib",
      "Lawngtlai",
      "Hnahthial",
      "Lunglei",
      "Mamit",
      "Saiha",
      "Serchhip",
      "Khawzawl",
      "Saitual"
    ]
  },
  {
    "state": "Nagaland",
    "count": 16,
    "districts": [
      "Dimapur",
      "Kiphire",
      "Kohima",
      "Longleng",
      "Mokokchung",
      "Mon",
      "Peren",
      "Phek",
      "Tuensang",
      "Wokha",
      "Zunheboto",
      "Tseminyü",
      "Chümoukedima",
      "Niuland",
      "Noklak",
      "Shamator"
    ]
  },
  {
    "state": "Odisha",
    "count": 30,
    "districts": [
      "Angul",
      "Balangir",
      "Balasore",
      "Bargarh",
      "Bhadrak",
      "Boudh",
      "Cuttack",
      "Deogarh",
      "Dhenkanal",
      "Gajapati",
      "Ganjam",
      "Jagatsinghapur",
      "Jajpur",
      "Jharsuguda",
      "Kalahandi",
      "Kandhamal",
      "Kendrapara",
      "Kendujhar (Keonjhar)",
      "Khordha",
      "Koraput",
      "Malkangiri",
      "Mayurbhanj",
      "Nabarangpur",
      "Nayagarh",
      "Nuapada",
      "Puri",
      "Rayagada",
      "Sambalpur",
      "Subarnapur",
      "Sundargarh"
    ]
  },
  {
    "state": "Puducherry",
    "count": 4,
    "districts": [
      "Karaikal",
      "Yanam",
      "Mahe",
      "Pondicherry"
    ]
  },
  {
    "state": "Punjab",
    "count": 23,
    "districts": [
      "Amritsar",
      "Barnala",
      "Bathinda",
      "Faridkot",
      "Fatehgarh Sahib",
      "Fazilka",
      "Ferozepur",
      "Gurdaspur",
      "Hoshiarpur",
      "Jalandhar",
      "Kapurthala",
      "Ludhiana",
      "Mansa",
      "Moga",
      "Muktsar",
      "Nawanshahr (Shahid Bhagat Singh Nagar)",
      "Parhankot",
      "Patiala",
      "Rupnagar",
      "Sahibzada Ajit Singh Nagar (Mohali)",
      "Sangrur",
      "Tarn Taran",
      "Malerkotla"
    ]
  },
  {
    "state": "Rajasthan",
    "count": 33,
    "districts": [
      "Ajmer",
      "Alwar",
      "Banswara",
      "Baran",
      "Barmer",
      "Bharatpur",
      "Bhilwara",
      "Bikaner",
      "Bundi",
      "Chittorgarh",
      "Churu",
      "Dausa",
      "Dholpur",
      "Dungarpur",
      "Hanumangarh",
      "Jaipur",
      "Jaisalmer",
      "Jalore",
      "Jhalawar",
      "Jhunjhunu",
      "Jodhpur",
      "Karauli",
      "Kota",
      "Nagaur",
      "Pali",
      "Pratapgarh",
      "Rajsamand",
      "Sawai Madhopur",
      "Sikar",
      "Sirohi",
      "Sri Ganganagar",
      "Tonk",
      "Udaipur"
    ]
  },
  {
    "state": "Sikkim",
    "count": 6,
    "districts": [
      "Gangtok",
      "Gyalshing",
      "Pakyong",
      "Namchi",
      "Mangan",
      "Soreng"
    ]
  },
  {
    "state": "Tamil Nadu",
    "count": 38,
    "districts": [
      "Ariyalur",
      "Chennai",
      "Coimbatore",
      "Cuddalore",
      "Dharmapuri",
      "Dindigul",
      "Erode",
      "Kanchipuram",
      "Kanyakumari",
      "Karur",
      "Krishnagiri",
      "Madurai",
      "Nagapattinam",
      "Namakkal",
      "Nilgiris",
      "Perambalur",
      "Pudkkottai",
      "Ramanathapuram",
      "Salem",
      "Sivanganga",
      "Thanjavur",
      "Theni",
      "Thoothukundi (Tuticorin)",
      "Tiruchirappalli",
      "Tirunelveli",
      "Tiruppur",
      "Tiruvallur",
      "Tiruvannamalai",
      "Tiruvarur",
      "Vellore",
      "Viluppuram",
      "Virdhunagar",
      "Tenkasi",
      "Tirupattur",
      "Ranipet",
      "Chengalpet",
      "Kallakurichi",
      "Mayiladuthurai"
    ]
  },
  {
    "state": "Telangana",
    "count": 33,
    "districts": [
      "Adilabad",
      "Bhadradri Kothagudem",
      "Hyderabad",
      "Jagital",
      "Jangaon",
      "Jayashankar Bhoopalpally",
      "Jogulamba Gadwal",
      "Kamareddy",
      "Karimnagar",
      "Khammam",
      "Komaram Bheem Asifabad",
      "Mahabubabad",
      "Mahabubnagar",
      "Mancherial",
      "Medak",
      "Medchal-Malkajgiri",
      "Nagarkurnool",
      "Nalgonda",
      "Nirmal",
      "Nizamabad",
      "Peddapalli",
      "Rajanna Sircilla",
      "Rangareddy",
      "Sangareddy",
      "Siddipet",
      "Suryapet",
      "Vikarabad",
      "Wanaparthy",
      "Warangal (Rural)",
      "Hanamkonda (erstwhile Warangal (Urban))",
      "Yadadri Bhuvanagiri",
      "Mulugu",
      "Narayanpet"
    ]
  },
  {
    "state": "Tripura",
    "count": 8,
    "districts": [
      "Dhalai",
      "Gomati",
      "Khowai",
      "North Tripura",
      "Sepahijala",
      "South Tripura",
      "Unakoti",
      "West Tripura"
    ]
  },
  {
    "state": "Uttarakhand",
    "count": 13,
    "districts": [
      "Almora",
      "Bageshwar",
      "Chamoli",
      "Champawat",
      "Dehradun",
      "Haridwar",
      "Nainital",
      "Pauri Garhwal",
      "Pithoragarh",
      "Rudraprayag",
      "Tehri Garhwal",
      "Udham Singh Nagar",
      "Uttarkashi"
    ]
  },
  {
    "state": "Uttar Pradesh",
    "count": 75,
    "districts": [
      "Agra",
      "Aligarh",
      "Allahabad",
      "Ambedkar Nagar",
      "Amethi (Chatrapati sahuji Mahraj Nagar)",
      "Amroha (J.P.Nagar)",
      "Auraiya",
      "Azangarh",
      "Baghpat",
      "Bahraich",
      "Ballia",
      "Balrampur",
      "Banda",
      "Barabanki",
      "Bareilly",
      "Basti",
      "Bhadohi",
      "Bijnor",
      "Budaun",
      "Bulandshahr",
      "Chandauli",
      "Chitrakoot",
      "Deoria",
      "Etah",
      "Etawah",
      "Faizabad",
      "Farrukhabad",
      "Fatehpur",
      "Firozabad",
      "Gautam Buddha Nagar",
      "Ghaziabad",
      "Ghazipur",
      "Gonda",
      "Gorakhpur",
      "Hamirpur",
      "Hapur (Panchsheel Nagar)",
      "Hardoi",
      "Hathras",
      "Jalaun",
      "Jaunpur",
      "Jhansi",
      "Kannauj",
      "Kanpur Dehat",
      "Kanpur Nagar",
      "Kanshiram Nagar (Kasganj)",
      "Kaushambi",
      "Kushinagar (Padrauna)",
      "Lakhimpur - Kheri",
      "Lalitpur",
      "Lucknow",
      "Maharajganj",
      "Mahoba",
      "Mainpuri",
      "Mathura",
      "Mau",
      "Meerut",
      "Mizapur",
      "Moradabad",
      "Muzaffarnagar",
      "Pilibhit",
      "Pratapgarh",
      "RaeBareli",
      "Rampur",
      "Saharanpur",
      "Sambhal (Bhim Nagar)",
      "Sant Kabir Nagar",
      "Shahjahanpur",
      "Shamali (Prabuddh Nagar)",
      "Shravasti",
      "Siddharth Nagar",
      "Sitapur",
      "Sonbhandra",
      "Sultanpur",
      "Unnao",
      "Varanasi"
    ]
  },
  {
    "state": "West Bengal",
    "count": 23,
    "districts": [
      "Alipurduar",
      "Bankura",
      "Birbhum",
      "Cooch Behar",
      "Dakshin Dinajpur (South Dinajpur)",
      "Darjeeling",
      "Hooghly",
      "Howrah",
      "Jalpaiguri",
      "Jhargram",
      "Kalimpong",
      "Kolkata",
      "Malda",
      "Murshidabad",
      "Nadia",
      "North 24 Parganas",
      "Paschim Medinipur (West Medinipur)",
      "Paschim (West) Burdwan (Bardhaman)",
      "Purba Burdwan (Bardhaman)",
      "Purba Medinipur (East Medinipur)",
      "Purulia",
      "South 24 Parganas",
      "Uttar Dinajpur (North Dinajpur)"
    ]
  }
]